Frame,Cell1,Cell2,Cell3,Cell4,Cell5,Cell6,Cell7,Cell8,Cell9,Cell10,Cell11,Cell12
1,4.249693627450981,5.409252450980392,7.108333333333333,17.97003676470588,23.277542892156863,23.796997549019608,0.027450980392156862,0.0,0.03517156862745098,0.4810049019607843,1.4243872549019607,4.661611519607843
2,4.079442401960784,6.17797181372549,19.598498774509803,31.803523284313727,32.60710784313726,36.927542892156865,0.00392156862745098,0.0,0.05091911764705882,0.6704044117647059,2.5965992647058824,10.563357843137254
3,0.9215686274509803,7.0510110294117645,10.801011029411764,12.527083333333334,8.301899509803922,18.035110294117647,0.00392156862745098,0.06954656862745098,0.03612132352941176,0.43501838235294116,1.7363357843137255,3.9893075980392156
4,2.1990502450980394,6.387775735294118,12.349877450980392,17.568259803921567,13.076593137254902,23.398988970588235,0.00392156862745098,0.003431372549019608,0.0057904411764705885,0.4197916666666667,2.126746323529412,3.9178308823529413
5,3.0747242647058823,4.123345588235294,14.135661764705882,27.857414215686273,14.788939950980392,28.678523284313727,0.00392156862745098,0.003431372549019608,0.03795955882352941,0.7791360294117647,2.6620404411764707,3.909497549019608
6,2.678921568627451,8.824325980392157,27.09656862745098,48.82928921568627,17.61951593137255,42.93400735294118,0.00392156862745098,0.003431372549019608,0.1639093137254902,1.1325980392156862,3.9793504901960786,4.250551470588236
7,2.6800245098039217,6.3469975490196076,28.196997549019606,48.9811580882353,24.59984681372549,39.74892769607843,0.00392156862745098,0.026409313725490196,0.03204656862745098,0.928125,7.2801776960784315,12.089276960784314
8,2.714246323529412,8.931035539215687,36.69261642156863,59.53501838235294,25.006893382352942,43.68363970588236,0.07319240196078432,0.005392156862745098,0.12267156862745097,3.005422794117647,7.516605392156863,10.37640931372549
9,0.5652879901960784,9.339276960784314,57.48219975490196,62.7750306372549,22.857138480392155,43.71210171568627,0.10612745098039215,0.06773897058823529,2.0572303921568627,2.9454350490196077,3.9660232843137253,5.606004901960785
10,2.95625,17.772732843137256,74.08167892156862,58.254564950980395,19.61488970588235,44.400275735294116,0.0196078431372549,0.03462009803921569,4.551776960784314,4.445373774509804,5.6872855392156865,8.32892156862745
11,4.706617647058824,22.83498774509804,84.74506740196078,40.5891544117647,14.86078431372549,47.62916666666667,0.011764705882352941,0.02849264705882353,4.486979166666667,2.317984068627451,4.793229166666666,10.18765318627451
12,3.1474571078431373,27.928033088235296,74.52490808823529,18.0250306372549,12.178370098039215,46.785171568627455,0.011764705882352941,0.21348039215686274,8.819148284313725,1.7798713235294117,3.6227634803921567,9.163235294117648
13,2.690747549019608,42.08085171568627,49.901531862745095,7.2185049019607845,5.7028799019607845,32.73930759803922,0.0,1.2590992647058823,5.129901960784314,0.7333026960784313,1.9876838235294119,10.212254901960785
14,7.418412990196078,42.32683823529412,20.176623774509803,17.033517156862747,5.7484375,44.89577205882353,0.0,1.9183210784313725,2.1299938725490195,0.6785232843137254,0.5399203431372549,15.71547181372549
15,7.889460784313726,36.6218137254902,16.550888480392157,26.019301470588236,5.15281862745098,38.138327205882355,0.023927696078431374,2.781495098039216,1.417064950980392,0.5452205882352941,0.12598039215686274,12.820189950980392
16,26.0187193627451,30.24577205882353,21.798927696078433,22.848161764705882,4.637162990196078,34.15413602941177,1.0248161764705883,1.5011948529411765,1.192156862745098,0.3380514705882353,0.1126531862745098,13.872089460784315
17,30.320373774509804,15.624172794117648,25.782751225490195,19.085263480392157,6.489185049019608,48.41194852941177,2.5285539215686272,1.2730392156862744,0.6592218137254902,0.3483455882352941,0.23688725490196078,24.897732843137256
18,2.5590379901960785,12.357261029411765,25.736795343137256,11.21375612745098,3.5145526960784315,31.0984681372549,0.20582107843137254,0.680484068627451,0.5129289215686275,0.13676470588235295,0.5536458333333333,17.87889093137255
19,2.6769607843137253,4.800857843137255,28.445281862745098,11.763817401960784,4.768811274509804,43.00729166666667,0.3781862745098039,0.5741421568627451,1.0626531862745099,0.3633578431372549,2.583455882352941,18.02748161764706
20,5.78609068627451,15.207935049019607,33.518719362745095,10.161764705882353,8.501531862745098,45.7094056372549,0.3943014705882353,0.3042892156862745,0.23033088235294116,0.3703125,6.646813725490196,14.074295343137255
21,15.521262254901961,19.205484068627452,19.966299019607842,4.486182598039216,5.321844362745098,33.778799019607845,0.09555759803921568,0.1292279411764706,0.22457107843137256,0.6588848039215687,1.505545343137255,7.666421568627451
22,10.965226715686274,28.866299019607844,19.23939950980392,2.216329656862745,5.768229166666667,31.33400735294118,0.028186274509803922,0.15205269607843136,0.8609068627450981,0.4375,0.76875,6.160447303921568
23,2.641329656862745,13.337622549019608,8.642524509803922,0.5051470588235294,2.551041666666667,21.890379901960785,0.027971813725490197,0.13958333333333334,0.033884803921568625,0.01170343137254902,0.2861519607843137,4.822303921568627
24,1.7896752450980393,10.797395833333333,3.768841911764706,0.23587622549019607,2.941390931372549,23.898560049019608,0.027971813725490197,0.047549019607843135,0.012408088235294117,0.008272058823529412,0.03869485294117647,4.109068627450981
25,3.235324754901961,18.025674019607845,5.287009803921569,0.09721200980392157,2.4714460784313728,24.166513480392158,0.027971813725490197,0.027941176470588237,0.007567401960784314,0.008272058823529412,0.019822303921568626,7.206464460784313
26,2.5292279411764707,20.10658700980392,5.009160539215686,0.1349877450980392,1.7075980392156862,15.009099264705883,0.0006433823529411765,0.0,0.0,0.0,0.005208333333333333,4.819638480392157
27,5.86063112745098,15.871905637254901,1.7655330882352942,0.05670955882352941,2.051685049019608,24.439613970588237,0.0006433823529411765,0.0,0.0,0.0,0.2699142156862745,8.738357843137255
28,17.988327205882353,15.844240196078431,0.3761335784313726,1.5541973039215686,4.070986519607843,28.42720588235294,0.0006433823529411765,0.0,0.0,0.0,0.20119485294117648,4.316973039215687
29,21.034558823529412,9.520986519607844,0.3365196078431373,1.1915134803921568,3.5129289215686272,34.45444240196078,0.0006433823529411765,0.0,0.0,0.0,0.27411151960784313,3.871905637254902
30,10.602236519607843,1.8870404411764705,0.1749080882352941,1.1075980392156863,3.7291666666666665,24.32294730392157,0.0006433823529411765,0.0,0.0,0.0,0.6678308823529412,4.471292892156863
31,3.940502450980392,0.450796568627451,0.10431985294117647,1.4184742647058823,4.747763480392157,30.29234068627451,0.0006433823529411765,0.0,0.0,0.0,0.5623161764705882,5.118535539215686
32,1.4122242647058822,0.006372549019607843,0.10980392156862745,0.9747855392156862,6.781587009803921,38.13581495098039,0.0006433823529411765,0.0,0.0,0.0,0.8913602941176471,6.439307598039216
33,0.39598651960784315,0.006372549019607843,0.4071691176470588,1.3033394607843136,4.754963235294118,39.831372549019605,0.0006433823529411765,0.0,0.0,0.0,5.446783088235295,10.535569852941176
34,0.02696078431372549,0.006372549019607843,0.10355392156862746,0.7386335784313726,5.711397058823529,51.4125306372549,0.0006433823529411765,0.0,0.0,0.0,2.1259803921568627,11.73063725490196
35,0.02696078431372549,0.006372549019607843,0.7315870098039216,1.9564338235294119,7.25922181372549,44.01685049019608,0.0006433823529411765,0.0,0.0,0.07910539215686274,2.74047181372549,11.511335784313726
36,0.02696078431372549,0.007230392156862745,0.9223958333333333,2.7952512254901962,9.880606617647059,55.22864583333333,0.0006433823529411765,0.0,0.0,0.0027573529411764708,0.9308823529411765,12.857935049019607
37,0.02696078431372549,0.09889705882352941,1.0310049019607843,2.101654411764706,13.431495098039216,62.76053921568627,0.0006433823529411765,0.0,0.0,0.0027573529411764708,1.4587316176470588,12.589185049019608
38,0.02696078431372549,0.11752450980392157,0.3145833333333333,0.9459865196078432,16.39466911764706,56.536151960784316,0.0006433823529411765,0.0,0.0,0.0027573529411764708,1.3363357843137256,12.840625
39,0.07052696078431372,0.026807598039215685,0.27362132352941176,0.7869485294117647,20.595863970588237,56.990992647058825,0.0006433823529411765,0.0,0.0,0.0027573529411764708,1.5004901960784314,11.323314950980393
40,0.029534313725490195,0.015808823529411764,0.17870710784313726,0.48792892156862744,27.242892156862744,59.05324754901961,0.0006433823529411765,0.0,0.0,0.0027573529411764708,1.3880208333333333,10.566329656862745
41,0.10431985294117647,0.015808823529411764,0.16847426470588237,0.9253982843137255,28.86951593137255,52.74427083333333,0.0006433823529411765,0.0,0.0,0.0027573529411764708,3.5325061274509806,14.337622549019608
42,0.030606617647058822,0.015808823529411764,0.11614583333333334,1.9104473039215686,33.34659926470588,57.736060049019606,0.0006433823529411765,0.0,0.0,0.0027573529411764708,2.058609068627451,11.857781862745098
43,0.030606617647058822,0.015808823529411764,0.18060661764705882,4.24984681372549,38.42040441176471,58.65542279411765,0.0006433823529411765,0.0,0.0,0.0027573529411764708,2.9964154411764707,16.142279411764704
44,0.030606617647058822,0.014767156862745098,0.5383884803921568,2.7637254901960784,29.611917892156864,59.84485294117647,0.0006433823529411765,0.0,0.0,0.27123161764705883,1.4310968137254902,11.688970588235295
45,0.02815563725490196,0.15333946078431374,0.5822916666666667,5.571997549019608,15.351439950980392,53.734129901960785,0.0006433823529411765,0.02297794117647059,0.0,0.5041360294117647,1.2614583333333333,16.940962009803922
46,0.04197303921568627,0.02264093137254902,1.4182904411764705,9.043106617647059,29.858792892156863,86.5140318627451,0.0006433823529411765,0.00196078431372549,0.06148897058823529,2.4669117647058822,1.2674019607843137,17.940379901960785
47,0.025183823529411765,0.01170343137254902,1.2019607843137254,4.8621936274509805,34.84276960784314,82.33967524509804,0.0006433823529411765,0.00196078431372549,0.7907475490196079,0.8153799019607844,5.153216911764706,26.34518995098039
48,0.025183823529411765,0.03547794117647059,3.7396139705882354,4.609742647058823,36.30131740196079,78.7265012254902,0.0006433823529411765,0.012622549019607843,1.0629595588235294,0.044699754901960785,5.215962009803921,15.274448529411766
49,0.025183823529411765,0.43268995098039215,4.499724264705883,3.192064950980392,25.596109068627452,68.70061274509804,0.0006433823529411765,0.8226102941176471,1.6722732843137256,0.019240196078431374,0.8275735294117647,13.601348039215686
50,0.20594362745098038,0.328125,2.4252757352941177,2.5505514705882355,23.11982230392157,58.99788602941177,0.0006433823529411765,2.1185049019607844,0.34589460784313725,0.01881127450980392,1.0947916666666666,15.892585784313725
51,2.0797794117647057,4.425643382352941,1.7455269607843138,2.483547794117647,28.07095588235294,73.52450980392157,0.08651960784313725,0.7329350490196078,0.3581495098039216,0.18213848039215685,2.185079656862745,15.38186274509804
52,1.0514399509803922,0.8764705882352941,0.9411764705882353,3.657720588235294,29.20701593137255,64.30180759803922,0.007873774509803921,0.20873161764705883,0.6706188725490196,0.021629901960784313,2.3278186274509802,10.458854166666667
53,0.10677083333333333,0.32833946078431375,1.4879901960784314,3.3306678921568627,16.62827818627451,37.068964460784315,0.007873774509803921,0.37919730392156864,0.10021446078431373,0.021629901960784313,1.9471200980392156,8.52202818627451
54,0.4306372549019608,1.5466911764705882,2.703982843137255,2.1965073529411763,25.435294117647057,55.975827205882354,0.007873774509803921,0.6873774509803922,0.06890318627450981,0.021629901960784313,2.214583333333333,13.383670343137254
55,2.837408088235294,2.7261335784313725,1.7670649509803922,1.6159007352941177,9.532414215686275,49.55962009803922,0.007873774509803921,0.20318627450980392,0.06890318627450981,0.021629901960784313,3.615104166666667,15.696599264705883
56,1.303033088235294,2.2105085784313725,2.62953431372549,4.220741421568627,8.07359068627451,57.32732843137255,0.18915441176470588,0.22098651960784313,0.08060661764705883,0.030667892156862744,2.4491115196078432,15.451991421568627
57,0.5640318627450981,1.181985294117647,0.7889093137254902,1.8546875,3.3033700980392156,40.32303921568627,0.0352328431372549,0.12643995098039215,0.11158088235294118,0.5262254901960784,2.843167892156863,9.245343137254903
58,1.667248774509804,2.5678002450980393,0.3709252450980392,2.005422794117647,4.875949754901961,49.41436887254902,0.09123774509803921,0.0732843137254902,0.031924019607843135,2.0691789215686276,2.2253063725490194,9.791911764705882
59,1.4134497549019607,2.0485294117647057,4.1143688725490195,1.406985294117647,7.006127450980392,49.738449754901964,0.043627450980392155,0.06813725490196078,0.5774509803921568,3.827512254901961,1.4697303921568627,12.049479166666666
60,0.1401654411764706,0.7954963235294118,0.91875,1.16875,11.797273284313725,45.277512254901964,0.043627450980392155,4.386734068627451,2.172457107843137,1.3112438725490196,0.747610294117647,5.425888480392157
61,1.6046875,1.502297794117647,0.3214460784313726,0.13762254901960785,16.964767156862745,45.56142769607843,0.03897058823529412,0.05223651960784314,0.1230392156862745,0.09549632352941176,0.34041053921568626,6.838694852941177
62,2.9832414215686276,1.124203431372549,1.4311274509803922,0.5794117647058824,18.62613357843137,52.908547794117645,0.18005514705882353,0.37545955882352944,0.07751225490196079,0.0666360294117647,0.17120098039215687,12.862867647058824
63,0.746078431372549,2.605545343137255,1.817310049019608,1.645251225490196,15.475091911764705,54.406311274509804,0.018995098039215685,0.04877450980392157,0.06966911764705883,0.03912377450980392,0.2604166666666667,9.098468137254901
64,1.199234068627451,1.3546875,0.5995098039215686,1.496047794117647,18.65036764705882,63.95174632352941,0.018995098039215685,0.05125612745098039,0.057322303921568625,0.03912377450980392,0.1526654411764706,5.696047794117647
65,1.9355392156862745,0.34972426470588236,0.18412990196078433,8.919332107843138,17.951348039215688,68.4266544117647,0.018995098039215685,0.05125612745098039,0.057322303921568625,0.03912377450980392,0.09292279411764706,8.321966911764706
66,0.02662377450980392,0.026011029411764707,1.1173713235294118,12.98422181372549,22.807751225490197,70.76636029411765,0.018995098039215685,0.05125612745098039,0.057322303921568625,0.03912377450980392,0.25713848039215687,15.215778186274509
67,0.02662377450980392,0.026011029411764707,1.0178002450980392,11.686305147058823,14.209895833333333,72.73250612745097,0.018995098039215685,0.05125612745098039,0.057322303921568625,0.03912377450980392,0.21433823529411763,8.528125
68,0.02662377450980392,0.25649509803921566,4.092126225490196,17.278890931372548,16.656464460784314,69.70738357843138,0.018995098039215685,0.04099264705882353,0.04387254901960784,0.03651960784313726,0.5747549019607843,8.636213235294118
69,0.02662377450980392,2.925796568627451,7.52530637254902,12.861642156862745,20.43247549019608,85.80064338235294,0.018995098039215685,0.04099264705882353,0.04387254901960784,0.18884803921568627,4.207475490196078,6.023498774509804
70,3.0944852941176473,6.756770833333333,5.893351715686275,10.815349264705882,12.838112745098039,78.77889093137254,0.018995098039215685,0.04099264705882353,0.04387254901960784,0.20015318627450981,3.345496323529412,7.7497855392156865
71,0.5407475490196079,4.2719362745098035,7.380330882352941,14.746476715686274,14.567738970588236,72.82732843137255,0.018995098039215685,0.04099264705882353,0.04387254901960784,0.8425857843137254,1.749264705882353,6.643075980392157
72,0.5282169117647059,3.7035539215686275,8.993535539215687,18.397242647058825,9.971354166666666,81.17585784313725,0.018995098039215685,0.037316176470588235,0.04252450980392157,0.09923406862745097,0.8823223039215686,13.11204044117647
73,0.5627757352941176,3.2931372549019606,10.822120098039216,15.020343137254901,9.665563725490196,78.17714460784313,0.018995098039215685,0.037316176470588235,0.04252450980392157,0.05324754901960784,0.31032475490196076,13.432935049019608
74,2.9857230392156864,8.279289215686275,7.455912990196079,16.780238970588236,11.165441176470589,73.44001225490196,0.018995098039215685,0.037316176470588235,0.04252450980392157,0.04981617647058824,0.11583946078431373,8.76703431372549
75,2.9565257352941177,7.602022058823529,7.4724264705882355,12.094883578431373,16.62270220588235,85.99672181372549,0.018995098039215685,0.037316176470588235,0.04252450980392157,0.04739583333333333,0.14227941176470588,5.459466911764705
76,2.329595588235294,7.432567401960784,9.477450980392156,10.646660539215686,9.092769607843136,72.09509803921569,0.018995098039215685,0.037316176470588235,0.04252450980392157,0.04739583333333333,0.11724877450980392,5.8886948529411764
77,2.8824448529411764,8.497242647058824,7.858976715686275,10.547610294117646,10.098039215686274,83.2045036764706,0.018995098039215685,0.035324754901960784,0.04252450980392157,0.0508578431372549,0.06537990196078432,5.255974264705882
78,3.219025735294118,8.331495098039216,7.072579656862745,9.796660539215686,10.368658088235295,84.63075980392156,0.018995098039215685,0.035324754901960784,0.04252450980392157,0.0508578431372549,0.09301470588235294,6.866727941176471
79,5.821476715686274,8.825245098039217,5.160294117647059,6.297426470588236,14.235600490196079,74.90076593137255,0.018995098039215685,0.035324754901960784,0.04252450980392157,0.0508578431372549,0.4728247549019608,10.568566176470588
80,3.7394301470588234,4.827359068627451,6.250674019607843,11.849724264705882,17.593811274509804,89.3530943627451,0.020128676470588237,0.039736519607843135,0.040625,0.04739583333333333,0.5600490196078431,11.836397058823529
81,3.6025735294117647,4.7488970588235295,5.554350490196079,12.398805147058823,22.048529411764704,104.37585784313725,0.019638480392156862,0.03655024509803922,0.03474264705882353,0.04607843137254902,0.43817401960784313,10.15094975490196
82,2.077542892156863,4.1734375,6.264185049019608,8.190992647058824,21.382904411764706,102.72555147058823,0.020373774509803922,0.03655024509803922,0.03474264705882353,0.045098039215686274,0.36734068627450983,9.389859068627452
83,1.9908088235294117,2.389093137254902,3.761029411764706,8.398958333333333,16.169424019607842,85.84828431372549,0.020373774509803922,0.03655024509803922,0.03474264705882353,0.045098039215686274,0.11060049019607843,7.093841911764706
84,2.4902879901960784,2.2575980392156865,2.820925245098039,4.501439950980392,14.433026960784314,87.38719362745098,0.020373774509803922,0.03655024509803922,0.03425245098039216,0.04852941176470588,0.10177696078431372,6.306924019607843
85,0.23183210784313726,2.6548406862745098,4.292861519607843,11.329564950980393,18.140349264705883,87.46102941176471,0.020373774509803922,0.03655024509803922,0.03455882352941177,0.04852941176470588,0.10582107843137255,11.039307598039215
86,0.5809129901960784,8.84561887254902,7.876011029411765,20.08327205882353,31.221476715686276,102.57478553921568,0.020373774509803922,0.03655024509803922,0.03455882352941177,0.04852941176470588,0.12291666666666666,14.045526960784313
87,2.606893382352941,5.7296875,4.930667892156863,18.346354166666668,25.117279411764706,88.79445465686274,0.020373774509803922,0.03655024509803922,0.03455882352941177,0.05949754901960784,0.23131127450980393,12.849877450980392
88,1.1299938725490195,1.4370098039215686,5.029411764705882,14.746507352941176,20.81706495098039,85.67904411764705,0.020373774509803922,0.031004901960784315,0.0342218137254902,0.268780637254902,0.42490808823529413,13.389859068627452
89,4.969944852941176,4.382077205882353,8.628370098039216,18.08026960784314,23.684344362745097,92.38020833333333,0.020373774509803922,0.031004901960784315,0.24739583333333334,0.6639705882352941,0.7510110294117647,13.793688725490195
90,8.332598039215686,6.247794117647059,7.629074754901961,13.299356617647058,35.99007352941177,102.33728553921569,0.020373774509803922,0.030974264705882354,2.8306985294117646,0.17190563725490196,1.1737745098039216,12.731617647058824
91,3.2049632352941178,0.7090073529411764,6.484742647058823,8.662837009803921,27.066911764705882,86.9483455882353,6.127450980392157e-05,0.015349264705882352,0.3390625,0.0031862745098039215,0.35949754901960784,9.82625612745098
92,14.218259803921569,3.2738357843137256,9.314001225490196,11.917677696078432,33.54028799019608,83.89908088235295,6.127450980392157e-05,0.0006127450980392157,0.017310049019607844,0.047518382352941174,1.1178002450980393,10.856311274509803
93,3.9614889705882352,2.2299632352941177,26.956985294117647,17.450888480392155,54.44280024509804,107.73719362745098,6.127450980392157e-05,0.0006127450980392157,0.07049632352941176,0.2083639705882353,3.5263480392156863,11.927604166666667
94,3.855759803921569,0.8803921568627451,12.962745098039216,11.293075980392157,41.56914828431373,77.65349264705883,6.127450980392157e-05,0.0006127450980392157,0.026470588235294117,0.23743872549019607,0.795373774509804,9.214920343137255
95,1.043014705882353,1.7870404411764707,11.602696078431373,7.310753676470588,56.17129289215686,79.6861213235294,6.127450980392157e-05,0.03998161764705882,0.026041666666666668,0.34623161764705884,2.648406862745098,10.521017156862746
96,0.05186887254901961,1.9277573529411764,3.444424019607843,5.6296875,45.68762254901961,53.1609068627451,6.127450980392157e-05,0.21902573529411765,0.029503676470588235,0.23792892156862744,1.0454044117647059,9.655147058823529
97,0.08964460784313726,2.056495098039216,13.820588235294117,4.465012254901961,25.837254901960783,45.93161764705882,0.2333639705882353,0.17772671568627452,0.1457107843137255,0.2551470588235294,1.032873774509804,9.271109068627451
98,0.0646139705882353,2.4238357843137255,5.686825980392157,5.577083333333333,20.993167892156862,64.42248774509804,1.0585171568627452,0.2138174019607843,0.13287377450980392,0.2725796568627451,1.5366115196078431,12.254411764705882
99,0.2219362745098039,11.549754901960783,11.085723039215686,19.917279411764707,31.89485294117647,64.11599264705882,0.7735600490196078,1.0322303921568627,0.31896446078431373,2.127389705882353,3.2718137254901962,12.105024509803922
100,2.2991115196078433,14.44515931372549,13.79077818627451,17.582598039215686,32.595894607843135,75.35165441176471,1.3134497549019608,1.664797794117647,0.35775122549019606,1.199234068627451,2.313143382352941,20.222702205882353
101,11.658057598039216,5.285110294117647,13.537959558823529,11.371017156862745,21.39077818627451,52.666850490196076,0.3235294117647059,0.4178002450980392,0.30860906862745097,0.8435661764705882,3.2074448529411765,20.278247549019607
102,1.2573529411764706,4.5421875,10.327083333333333,14.295067401960784,17.132567401960785,50.88685661764706,0.2951593137254902,0.18143382352941176,0.3782781862745098,1.550796568627451,3.309375,17.983455882352942
103,0.427328431372549,10.545220588235294,20.075367647058822,18.871476715686274,15.824509803921568,58.579932598039214,0.3117953431372549,0.19898897058823528,2.109957107843137,2.5471813725490198,5.291268382352941,24.509650735294116
104,0.1400735294117647,1.608609068627451,4.505545343137255,2.777389705882353,26.106648284313724,63.704779411764704,0.40490196078431373,0.8137561274509804,1.2765318627450981,1.2919117647058824,10.70719975490196,31.397702205882354
105,4.424816176470588,11.86703431372549,7.954319852941176,3.228308823529412,21.911795343137253,64.97910539215687,5.0431985294117645,8.894025735294118,4.628799019607843,3.509283088235294,25.286703431372548,32.22702205882353
106,2.4439338235294117,9.01734068627451,6.081617647058824,6.874203431372549,21.239031862745097,68.57052696078432,0.6269607843137255,0.9113970588235294,1.2895833333333333,4.017830882352941,24.433946078431372,22.22202818627451
107,1.3275122549019607,9.508578431372548,8.813357843137254,10.759926470588235,20.75361519607843,63.43161764705882,0.203125,0.4166360294117647,1.5794117647058823,6.223498774509804,10.255545343137255,16.547457107843137
108,2.6387561274509803,3.119485294117647,2.90015318627451,3.4662377450980393,11.520894607843138,60.20716911764706,0.09175857843137254,0.6910232843137255,0.2027267156862745,0.9847120098039216,8.120373774509805,19.485202205882352
109,10.655698529411765,14.923958333333333,9.212040441176471,0.8190257352941176,8.991023284313725,59.85814950980392,0.5344975490196079,0.11525735294117648,0.3807904411764706,0.7988357843137255,11.295557598039215,20.39188112745098
110,4.571446078431372,26.94856004901961,5.224264705882353,3.298682598039216,25.923958333333335,80.37928921568627,0.02153799019607843,0.04779411764705882,0.582843137254902,5.106372549019608,15.341513480392157,22.34748774509804
111,1.2742647058823529,8.786825980392157,9.720036764705883,13.024632352941177,27.449172794117647,67.98455882352941,0.02153799019607843,0.5358762254901961,1.4626838235294117,2.1651960784313724,9.030116421568627,20.99433210784314
112,6.699785539215687,8.618535539215687,4.416207107843137,21.310079656862744,18.566850490196078,55.44816176470588,0.09332107843137255,0.19497549019607843,0.26277573529411763,0.9990502450980392,7.752941176470588,23.586151960784314
113,3.4465379901960786,2.835324754901961,2.446078431372549,10.716421568627451,14.993627450980393,43.92763480392157,0.3292279411764706,0.16528799019607843,0.08498774509803922,0.5795036764705882,15.16326593137255,22.672916666666666
114,3.091390931372549,1.3326593137254903,1.8986213235294118,5.761672794117647,13.900122549019608,32.46124387254902,0.10199142156862745,0.03912377450980392,0.054932598039215685,0.142953431372549,6.424785539215686,10.130698529411765
115,3.086519607843137,3.1546875,6.202818627450981,16.142003676470587,23.39889705882353,41.46461397058823,0.035784313725490194,0.03912377450980392,0.05321691176470588,0.2905330882352941,7.802205882352941,11.159037990196078
116,0.815655637254902,1.0998161764705883,8.277144607843137,21.318504901960786,30.047855392156862,47.646446078431374,0.035784313725490194,0.03912377450980392,0.05321691176470588,0.6706188725490196,21.822702205882354,27.12359068627451
117,0.22950367647058822,2.4925857843137256,9.959742647058823,9.61032475490196,41.651072303921566,55.00027573529412,0.02665441176470588,0.03272058823529412,0.07089460784313725,1.2310968137254903,25.316789215686274,26.413082107843138
118,0.40814950980392156,5.25297181372549,32.576470588235296,18.822702205882354,47.218811274509804,64.5125919117647,0.02665441176470588,0.03272058823529412,0.2611825980392157,0.9396446078431373,30.31017156862745,40.11357230392157
119,0.13841911764705883,4.706035539215686,25.70903799019608,14.859436274509804,80.65232843137255,60.32735906862745,0.02665441176470588,0.03272058823529412,0.35174632352941176,1.074234068627451,16.870863970588236,20.14733455882353
120,0.16920955882352942,10.726746323529412,22.38918504901961,7.54500612745098,45.890226715686275,54.75382965686274,0.035876225490196076,0.3240808823529412,0.1988970588235294,0.8272671568627451,17.22922794117647,18.990533088235296
121,0.2665747549019608,10.957169117647059,25.646783088235296,9.841666666666667,62.469485294117646,54.72858455882353,0.22763480392156862,0.05747549019607843,0.07794117647058824,2.5011029411764705,15.082444852941176,18.637408088235293
122,6.795036764705882,19.421936274509804,22.24411764705882,8.751746323529412,69.0951286764706,49.56522671568627,0.35208333333333336,0.1609375,0.06838235294117648,4.455575980392157,24.781004901960785,21.063848039215685
123,3.8699142156862747,16.647426470588236,17.258333333333333,8.175061274509805,55.96397058823529,49.796936274509804,0.35208333333333336,0.14448529411764705,0.20217524509803922,3.7663602941176473,16.44515931372549,20.74981617647059
124,5.174080882352941,12.94825367647059,5.296599264705883,9.199264705882353,50.907444852941175,42.339338235294115,0.11188725490196079,0.8969975490196078,0.7666053921568627,5.752236519607843,25.01792279411765,19.47294730392157
125,4.063020833333334,14.473988970588236,12.133394607843137,12.782628676470589,47.32478553921569,26.617769607843137,0.06758578431372549,0.04727328431372549,1.094638480392157,7.326991421568628,40.979350490196076,20.24886642156863
126,3.546844362745098,9.397947303921569,3.9458026960784314,5.948223039215686,23.21746323529412,14.799203431372549,0.028676470588235293,0.17435661764705881,0.3913296568627451,3.3591911764705884,10.052267156862746,6.542401960784313
127,12.779963235294117,20.72784926470588,2.969577205882353,9.825582107843138,30.321384803921568,26.02233455882353,0.062224264705882354,0.07735906862745098,0.22496936274509804,4.473039215686274,14.766881127450981,16.341207107843136
128,22.37123161764706,10.462469362745098,10.352941176470589,29.93293504901961,41.295833333333334,34.270496323529414,0.24114583333333334,0.0586703431372549,0.43851102941176473,10.246384803921568,30.260171568627452,24.043964460784313
129,17.74770220588235,14.891053921568627,23.48158700980392,51.42009803921569,60.63851102941177,34.48995098039216,0.032475490196078434,0.6034007352941176,1.403247549019608,30.153829656862744,69.70922181372549,48.14393382352941
130,9.03017769607843,17.40042892156863,29.609160539215686,35.34132965686275,44.21703431372549,30.939950980392158,0.3457107843137255,1.1944852941176471,3.1934742647058822,9.918014705882353,33.01323529411765,24.648161764705883
131,18.383088235294117,35.34736519607843,38.24518995098039,33.35986519607843,44.08930759803921,29.528890931372548,0.045098039215686274,0.646109068627451,1.1699754901960784,5.297181372549019,30.21014093137255,24.931801470588237
132,9.038235294117648,7.475520833333333,27.296660539215686,32.19307598039216,33.2594056372549,23.30579044117647,0.04938725490196078,1.107843137254902,2.620373774509804,4.499234068627451,32.15818014705882,14.111029411764706
133,1.9647365196078432,9.740226715686275,34.048223039215685,28.68452818627451,29.281985294117646,17.228400735294116,0.0366421568627451,0.3669117647058823,0.8512254901960784,8.380208333333334,29.099019607843136,9.050367647058824
134,4.6634191176470585,17.010202205882354,44.20710784313726,41.061764705882354,38.26161151960784,25.714767156862745,0.18838848039215686,0.27395833333333336,0.4117647058823529,3.290808823529412,25.321200980392156,13.878308823529412
135,1.1121323529411764,6.45750612745098,13.234865196078431,13.436213235294117,23.102941176470587,27.701072303921567,0.2243872549019608,0.13238357843137255,0.06014093137254902,4.167616421568628,19.21375612745098,12.175122549019608
136,0.9116115196078431,7.298039215686274,12.78970588235294,12.532506127450981,14.26669730392157,14.312714460784314,0.06816789215686274,0.11308210784313726,0.10303308823529411,5.027787990196078,14.33391544117647,8.225091911764705
137,2.9002757352941178,10.954258578431373,14.975245098039215,18.32420343137255,16.733854166666667,11.204136029411766,0.08158700980392157,0.11887254901960784,0.09234068627450981,3.4674019607843136,15.300704656862745,8.326776960784313
138,3.018627450980392,24.995373774509805,46.532291666666666,25.098682598039215,40.3234987745098,18.118351715686273,0.04221813725490196,0.3297794117647059,0.9215992647058824,4.421966911764706,22.828860294117646,6.153768382352941
139,5.259129901960784,19.872579656862744,41.80260416666667,31.783333333333335,45.530238970588236,25.28811274509804,0.04221813725490196,0.6280330882352941,0.26121323529411766,5.59969362745098,27.15579044117647,14.881066176470588
140,3.232843137254902,12.095098039215687,35.330575980392155,21.811979166666667,37.7203737745098,35.87898284313726,0.04221813725490196,0.664123774509804,0.1341299019607843,3.577879901960784,37.07689950980392,26.8375
141,1.4271752450980393,4.080238970588235,21.44283088235294,18.148039215686275,23.73765318627451,26.886458333333334,0.009160539215686275,0.1568627450980392,0.008486519607843137,3.2777573529411765,22.76418504901961,17.11847426470588
142,1.3901041666666667,4.927542892156863,23.675520833333334,30.18388480392157,29.524172794117646,32.3280943627451,0.009160539215686275,0.014644607843137255,0.0046875,1.0364583333333333,9.433026960784314,16.684803921568626
143,6.466727941176471,32.579166666666666,58.27530637254902,25.881985294117648,41.404411764705884,60.84595588235294,0.5957720588235295,0.18550857843137256,1.9869485294117648,1.5253982843137255,20.665931372549018,41.76069240196078
144,3.61875,20.829626225490195,42.92987132352941,41.60551470588236,54.07282475490196,61.64368872549019,0.4875919117647059,1.2514399509803922,0.22729779411764706,2.491360294117647,46.42374387254902,46.99310661764706
145,2.9041973039215687,12.691850490196078,27.166973039215687,21.78967524509804,27.198835784313726,21.793474264705882,0.20594362745098038,0.37870710784313727,0.0985906862745098,1.9588541666666666,21.842126225490198,17.364828431372548
146,1.8378063725490197,8.318321078431373,20.93556985294118,28.0078125,37.28624387254902,17.892830882352943,0.18553921568627452,0.2972732843137255,0.060386029411764706,2.0496017156862747,19.329044117647058,8.486611519607843
147,5.080790441176471,15.828952205882352,36.26675857843137,46.48691789215686,62.641973039215685,42.240533088235296,0.9318627450980392,0.14825367647058824,0.007567401960784314,2.7609375,39.99546568627451,23.2578125
148,6.44234068627451,8.20205269607843,25.474754901960786,39.563388480392156,67.23535539215686,50.6609068627451,0.22144607843137254,0.1075061274509804,0.005545343137254902,13.84782475490196,48.136550245098036,27.446936274509802
149,1.8228860294117648,3.5729166666666665,7.74093137254902,10.369791666666666,18.36078431372549,23.151439950980393,0.16902573529411766,0.07729779411764706,0.005545343137254902,3.6223958333333335,23.605024509803922,11.797487745098039
150,1.2760416666666667,16.223406862745097,16.980851715686274,24.47512254901961,26.182138480392158,29.171813725490196,0.09748774509803922,0.14044117647058824,0.005545343137254902,7.240563725490196,21.903033088235293,11.367769607843137
151,3.295281862745098,11.663725490196079,11.959129901960784,11.636948529411764,20.095588235294116,24.668382352941176,0.006433823529411764,0.0788296568627451,0.22628676470588235,2.3603553921568627,8.008088235294117,8.519485294117647
152,6.005330882352941,17.093841911764706,17.21749387254902,20.57876838235294,28.944240196078432,33.5280330882353,0.004595588235294118,0.21850490196078431,0.1900735294117647,5.225428921568628,21.997457107843136,15.300582107843137
153,7.019424019607843,22.545526960784315,20.343014705882354,28.064767156862747,30.39580269607843,23.314154411764704,0.004595588235294118,0.35778186274509804,0.26056985294117646,6.050490196078432,25.014644607843138,17.088051470588237
154,11.924785539215685,17.6546568627451,25.069301470588236,33.18468137254902,35.58177083333333,37.94463848039216,0.11795343137254902,0.39623161764705883,1.009466911764706,9.53811274509804,27.324142156862745,27.542126225490197
155,9.358762254901961,21.392493872549018,24.482720588235296,33.40882352941176,32.4187193627451,32.35870098039216,0.15140931372549019,0.6850796568627451,1.3611519607843137,8.67873774509804,20.989276960784313,20.65422794117647
156,8.146354166666667,15.853094362745098,25.281648284313725,34.89169730392157,23.18949142156863,20.437591911764706,0.12971813725490197,1.6447916666666667,4.3105698529411764,14.510539215686274,33.77401960784314,31.029136029411763
157,10.008272058823529,33.77356004901961,36.931678921568626,34.453186274509804,25.008792892156862,22.049295343137256,0.1546875,3.1831188725490196,10.412898284313725,20.607506127450982,33.27306985294118,29.85484068627451
158,4.081770833333334,17.194332107843138,30.851991421568627,35.07849264705882,24.696629901960783,18.9421875,0.024387254901960784,1.1512254901960783,4.1629595588235295,15.710386029411765,23.87469362745098,27.082475490196078
159,7.727849264705882,14.12907475490196,23.089307598039216,22.932230392156864,24.88330269607843,19.441452205882353,0.05309436274509804,2.1745710784313728,2.4363051470588237,1.1806678921568627,3.075827205882353,8.277450980392157
160,10.890502450980392,16.387132352941176,36.79460784313726,39.24139093137255,37.915563725490195,22.996936274509803,0.05309436274509804,0.5457720588235294,2.6696078431372547,4.450245098039216,8.657598039215687,11.92172181372549
161,9.116666666666667,31.290379901960783,65.25851715686275,65.04610906862744,52.17625612745098,46.241299019607844,0.054871323529411764,1.395251225490196,5.1921875,6.356158088235294,18.549234068627452,31.167861519607843
162,4.798866421568627,21.50551470588235,52.36127450980392,51.6750306372549,60.08216911764706,30.18079044117647,0.07454044117647059,1.1799938725490196,3.6269914215686274,5.257628676470588,21.952236519607844,24.84862132352941
163,6.800827205882353,23.015625,55.028155637254905,56.92625612745098,65.65441176470588,50.63339460784314,0.037837009803921566,1.3197610294117648,3.044454656862745,6.042218137254902,16.315900735294118,23.159160539215687
164,6.266942401960784,33.51678921568627,33.16234681372549,51.385906862745095,70.29319852941177,49.257904411764706,0.11167279411764706,0.7770526960784314,0.3594362745098039,6.924080882352941,17.092401960784315,14.31936274509804
165,4.196231617647059,34.48949142156863,43.48495710784314,103.8015625,115.2063725490196,88.54436274509804,0.014307598039215686,0.2597732843137255,0.09396446078431372,7.690563725490196,34.98563112745098,23.37306985294118
166,5.230208333333334,24.678370098039217,56.77582720588235,126.14316789215687,107.67129289215686,46.32689950980392,0.005821078431372549,0.06973039215686275,1.8958026960784313,16.364430147058822,71.84203431372549,32.648498774509804
167,1.9578125,11.515196078431373,34.40955882352941,102.43397671568627,76.94460784313725,34.67331495098039,0.005821078431372549,0.051501225490196076,0.14457720588235295,15.346476715686274,36.668627450980395,14.788480392156863
168,1.458639705882353,21.82751225490196,53.76580882352941,95.03057598039216,65.8920036764706,44.676930147058826,0.005821078431372549,0.06973039215686275,2.0134191176470586,13.246599264705882,19.306924019607845,17.752083333333335
169,0.9682291666666667,23.60042892156863,50.5062193627451,114.35165441176471,125.43569240196078,47.563051470588235,0.005821078431372549,0.06973039215686275,1.889001225490196,17.537285539215688,40.71145833333333,21.473529411764705
170,3.1471200980392156,32.566727941176474,61.44862132352941,82.01663602941177,115.79469975490196,55.53633578431373,0.005821078431372549,0.11611519607843138,1.8746323529411764,21.181893382352943,67.25441176470588,21.804411764705883
171,4.465379901960785,21.631280637254903,44.884375,73.16902573529411,106.28884803921568,52.55226715686275,0.005821078431372549,0.04568014705882353,0.1772671568627451,14.379044117647059,34.80517769607843,9.38140318627451
172,3.058578431372549,26.80045955882353,66.64647671568628,76.52331495098039,110.6437193627451,69.35655637254902,0.005821078431372549,0.13627450980392156,1.8744485294117648,7.374234068627451,26.883823529411764,16.96222426470588
173,3.0755514705882354,41.71571691176471,67.1545955882353,81.51519607843137,125.74761029411765,70.56807598039215,0.005821078431372549,0.7698529411764706,2.1480085784313725,7.9789828431372545,33.88949142156863,16.2640318627451
174,4.163694852941177,29.366482843137256,31.527144607843137,83.2157781862745,124.60983455882354,62.10698529411765,0.005821078431372549,0.2886642156862745,0.09598651960784314,21.735079656862744,66.94515931372548,23.57873774509804
175,5.625735294117647,48.792953431372545,40.497395833333336,60.92107843137255,109.55098039215686,107.85891544117646,0.10517769607843137,1.8040747549019607,0.15830269607843137,36.33924632352941,75.75033700980393,28.165410539215685
176,7.2125,25.219914215686273,18.622089460784313,48.8578431372549,85.15962009803921,73.92567401960784,0.07619485294117648,1.035906862745098,0.04577205882352941,6.455912990196079,36.16844362745098,22.834252450980394
177,5.230392156862745,27.983670343137256,24.93486519607843,53.44307598039216,102.47708333333334,104.34136029411765,0.13305759803921569,1.9878063725490196,0.23872549019607844,7.777604166666666,28.10793504901961,27.641360294117646
178,6.856801470588235,25.914981617647058,17.39359681372549,37.48615196078431,93.12542892156863,95.19273897058824,36.478247549019606,6.639154411764705,1.0365808823529412,9.7140625,48.09659926470588,26.24329044117647
179,4.686488970588235,15.091207107843138,20.64613970588235,30.141023284313725,93.66534926470588,115.3219056372549,13.40186887254902,15.717126225490196,1.9600183823529411,22.13125,60.652512254901964,27.974325980392155
180,11.418719362745097,13.379564950980392,17.049632352941178,33.078216911764706,94.56200980392157,102.58201593137255,11.388327205882353,15.783333333333333,5.06390931372549,3.979013480392157,35.02484681372549,27.732322303921567
181,29.952726715686275,25.103645833333335,29.371813725490195,39.47398897058824,102.4482843137255,116.23553921568627,33.86587009803922,62.57156862745098,67.74779411764706,10.249938725490196,26.65036764705882,29.267585784313727
182,27.521966911764707,25.918719362745097,18.16231617647059,24.9875,84.01623774509804,95.46691176470588,33.42766544117647,27.96596200980392,55.68575367647059,18.263174019607842,36.04785539215686,27.203553921568627
183,29.48939950980392,52.14044117647059,31.738541666666666,30.2609068627451,101.3736213235294,107.28936887254902,23.083517156862744,52.137837009803924,64.28606004901961,59.79267769607843,100.1890012254902,42.04960171568627
184,31.747089460784313,117.17763480392156,92.95260416666666,41.964859068627455,89.10762867647058,104.42190563725491,48.604810049019605,87.27714460784314,66.25790441176471,80.73360906862744,66.83103553921569,32.610263480392156
185,17.928492647058825,68.94080882352941,119.99975490196078,38.48489583333333,63.76583946078431,81.42996323529412,41.373805147058825,87.3250919117647,69.50867034313725,50.40143995098039,48.85585171568628,25.344975490196077
186,14.112469362745099,48.42711397058824,54.70435049019608,42.30410539215686,48.97068014705882,54.425275735294115,48.64396446078431,64.76838235294117,55.17996323529412,44.09117647058824,50.14264705882353,34.751807598039214
187,3.4436887254901962,57.5827205882353,127.76942401960784,69.59341299019607,56.99332107843137,55.5781556372549,19.71155024509804,100.86231617647059,98.08624387254902,49.986519607843135,47.505361519607845,19.96219362745098
188,1.5795955882352941,22.323835784313726,77.21985294117647,55.156158088235294,63.63134191176471,59.97573529411765,2.5106311274509805,65.90294117647059,68.53612132352941,46.32113970588235,39.6047487745098,32.42282475490196
189,0.7991727941176471,38.33449754901961,115.2140625,100.39411764705882,62.72699142156863,57.869975490196076,0.6039215686274509,44.86666666666667,85.31011029411765,72.33360906862745,54.1764705882353,29.924632352941178
190,0.19117647058823528,14.49733455882353,98.28011642156862,124.59074754901961,65.72371323529411,45.488602941176474,0.0758578431372549,13.563541666666667,96.68789828431373,92.82475490196079,47.400091911764704,28.843627450980392
191,2.1503982843137255,25.175735294117647,85.56436887254903,116.79712009803922,93.82368259803921,54.96427696078431,0.04840686274509804,5.4546262254901965,62.78768382352941,79.85251225490197,74.49267769607843,39.74969362745098
192,0.20560661764705881,4.291053921568627,77.7750919117647,113.69865196078432,76.73314950980392,54.10955882352941,0.1083639705882353,1.1484987745098039,54.315257352941174,85.3485294117647,66.56213235294118,36.56072303921569
193,0.05615808823529412,6.627757352941177,68.67956495098039,134.5031862745098,151.18860294117647,69.14083946078432,0.06090686274509804,0.3454656862745098,36.4374693627451,94.80355392156862,109.56372549019608,60.718688725490196
194,0.03949142156862745,2.445067401960784,33.386550245098036,114.40251225490196,121.66832107843138,50.71176470588235,0.04160539215686274,0.1765625,19.931924019607845,71.50094975490197,71.26632965686275,39.906648284313725
195,0.5090992647058824,3.641544117647059,31.95122549019608,114.93318014705882,145.9309742647059,57.49773284313726,0.02922794117647059,0.07420343137254902,15.684466911764705,69.30278799019608,97.99659926470588,50.13630514705882
196,1.005422794117647,6.803125,33.790870098039214,114.61620710784314,136.11329656862745,64.58097426470589,0.06985294117647059,0.052052696078431375,10.212316176470589,89.57466299019607,126.9342524509804,60.49077818627451
197,0.37074142156862744,7.472365196078432,21.75110294117647,109.04019607843138,111.37533700980393,38.91268382352941,0.02922794117647059,0.04188112745098039,4.964246323529411,63.608486519607844,66.14954044117647,34.15502450980392
198,0.3053002450980392,5.607720588235294,18.17938112745098,94.30030637254902,161.48486519607843,64.78324142156863,0.008088235294117648,0.04188112745098039,2.0193933823529413,48.140226715686275,64.14859068627452,40.30431985294118
199,0.27705269607843136,4.799969362745098,19.312285539215686,102.61136642156863,156.65196078431373,70.84785539215686,0.008088235294117648,0.04188112745098039,0.7248161764705883,36.455759803921566,61.24773284313726,45.06106004901961
200,2.6840073529411765,26.344301470588235,40.196047794117646,88.76994485294118,161.5295649509804,78.66568627450981,0.033455882352941176,0.11541053921568628,0.4504901960784314,43.30049019607843,92.54666053921568,56.261366421568624
201,1.8231004901960783,9.658670343137254,13.389246323529411,33.09234068627451,79.14647671568628,50.248958333333334,0.04491421568627451,0.12901348039215688,0.20551470588235293,13.470955882352941,46.2688112745098,32.54650735294118
202,2.243014705882353,11.114185049019607,18.031035539215686,45.203829656862744,139.99662990196077,102.00753676470588,0.11755514705882353,0.13707107843137256,0.1919730392156863,11.699295343137255,47.608363970588236,42.4781556372549
203,1.117310049019608,7.4572610294117645,12.490073529411765,37.34595588235294,129.00885416666668,118.61966911764706,0.06623774509803922,0.07689950980392157,0.04610906862745098,7.3235906862745095,40.32683823529412,41.171476715686275
204,4.087071078431372,20.960018382352942,21.085539215686275,19.044638480392155,104.04705882352941,99.84546568627451,0.3241115196078431,0.6885723039215687,0.042800245098039216,7.132322303921568,52.362928921568624,48.999938725490196
205,4.230851715686274,19.563817401960783,20.188878676470587,17.77576593137255,88.21537990196079,137.29941789215687,0.0171875,0.10441176470588236,0.0460171568627451,2.938970588235294,44.43538602941177,52.88538602941176
206,2.4955882352941177,23.694454656862746,18.127236519607845,11.123866421568627,69.63014705882352,130.7264399509804,0.029932598039215687,0.33183210784313727,0.14212622549019607,2.6333026960784314,29.330085784313727,38.2703125
207,5.236979166666667,19.364920343137253,6.208302696078431,10.942555147058824,63.82162990196078,141.1405330882353,0.04004289215686275,0.5253063725490196,0.023161764705882354,0.9608455882352941,30.205545343137256,41.54954044117647
208,16.059007352941176,29.03811274509804,16.309589460784313,14.128553921568628,71.40551470588235,155.3140625,0.2998468137254902,0.7628063725490196,0.09690563725490196,4.138878676470588,60.794240196078434,62.95361519607843
209,19.196354166666666,17.106372549019607,13.840257352941176,15.622457107843138,54.27423406862745,151.4922181372549,0.16654411764705881,0.43121936274509803,0.03238357843137255,1.0269301470588235,35.59932598039216,50.99917279411765
210,8.105392156862745,5.9003676470588236,13.782996323529412,12.99359681372549,47.077267156862746,133.63321078431372,0.15533088235294118,0.07637867647058824,0.027573529411764705,2.0182598039215685,21.151654411764707,39.78351715686274
211,12.026960784313726,4.2602022058823525,17.05888480392157,13.55998774509804,36.14077818627451,123.03658088235294,0.12496936274509804,0.0632046568627451,0.027573529411764705,1.1467524509803921,25.291145833333335,45.92310049019608
212,0.9682598039215686,2.2622549019607843,17.070189950980392,13.67172181372549,21.43826593137255,124.65180759803921,0.05196078431372549,0.022916666666666665,0.027573529411764705,2.7369791666666665,40.88198529411765,49.84013480392157
213,0.12634803921568627,4.344515931372549,18.200520833333332,11.580422794117647,18.30658700980392,109.67864583333333,0.03431372549019608,0.01997549019607843,0.024387254901960784,4.574571078431372,24.041758578431374,37.734283088235294
214,0.027113970588235295,11.396905637254902,15.961274509803921,6.564950980392157,12.363265931372549,81.95376838235295,0.013817401960784313,0.01997549019607843,0.024387254901960784,3.9528186274509802,15.908455882352941,26.077389705882354
215,1.3448529411764707,14.999632352941177,13.701501225490196,8.334712009803921,9.869240196078431,72.06302083333334,0.01642156862745098,0.01997549019607843,0.024387254901960784,0.3881127450980392,4.659037990196079,29.041023284313727
216,3.7068014705882355,15.291452205882353,12.679901960784314,1.5163296568627451,6.9094975490196076,67.36685049019607,0.026776960784313724,0.09592524509803922,0.024387254901960784,0.1843137254901961,14.403645833333334,34.718014705882354
217,3.8952818627450982,21.190012254901962,17.918872549019607,7.401930147058824,6.538786764705883,55.41167279411765,0.05857843137254902,0.10052083333333334,0.024387254901960784,0.7240502450980392,18.546875,29.24638480392157
218,5.307536764705882,12.807383578431372,11.443872549019607,8.552144607843138,5.402175245098039,37.36976102941176,0.02230392156862745,0.05186887254901961,0.024387254901960784,3.3066176470588236,18.23158700980392,20.159712009803922
219,18.426807598039215,19.437254901960785,18.03296568627451,15.731035539215686,5.518964460784313,32.18670343137255,0.02230392156862745,0.07910539215686274,0.128125,2.0899816176470587,2.8636642156862746,12.882843137254902
220,6.0631127450980395,8.174969362745099,10.611580882352941,4.986672794117647,2.8815257352941175,23.13734681372549,0.00027573529411764705,0.23069852941176472,0.05263480392156863,0.2908700980392157,1.2400122549019608,9.742555147058823
221,3.612408088235294,24.946844362745097,25.097886029411764,4.55811887254902,3.2980085784313724,25.896170343137253,0.00027573529411764705,0.01170343137254902,0.5295955882352941,0.6943933823529411,3.5300551470588237,10.18609068627451
222,6.081617647058824,7.333915441176471,5.93265931372549,1.2690870098039215,2.107781862745098,21.28529411764706,0.00027573529411764705,0.01170343137254902,0.14806985294117647,0.2095281862745098,1.1033700980392156,7.770404411764706
223,1.8696691176470588,16.424448529411766,12.031035539215686,0.5096813725490196,2.9458026960784314,16.004503676470588,0.00027573529411764705,0.02025122549019608,0.28455882352941175,0.04111519607843137,0.26106004901960783,8.694822303921569
224,8.00202205882353,18.597120098039216,3.795098039215686,2.2605392156862747,4.516360294117647,18.67607230392157,0.00027573529411764705,0.1585171568627451,0.12068014705882353,0.17018995098039216,1.3245098039215686,10.215379901960784
225,4.1868872549019605,2.5659926470588235,1.7300245098039215,2.056985294117647,4.967555147058824,12.798805147058824,0.00027573529411764705,0.078125,0.022549019607843137,0.16583946078431372,2.3755208333333333,13.246200980392157
226,15.446660539215687,10.579963235294118,1.1942708333333334,0.5344669117647058,7.31078431372549,17.183241421568628,0.6091299019607843,0.1694546568627451,0.015931372549019607,0.3490502450980392,11.14485294117647,19.416513480392158
227,5.245894607843137,3.0191789215686273,0.7942095588235294,0.4496629901960784,6.842953431372549,15.780147058823529,0.27003676470588234,0.04249387254901961,0.035876225490196076,2.527052696078431,9.364154411764705,20.92251838235294
228,7.819025735294118,1.1552389705882353,0.32009803921568625,0.7045649509803922,6.085753676470588,19.946200980392156,0.22221200980392156,0.32674632352941174,0.22714460784313725,0.9135110294117647,8.49047181372549,27.267463235294116
229,1.574203431372549,0.7833946078431373,0.16574754901960784,0.6180453431372549,4.289123774509804,16.794301470588234,0.34129901960784315,0.18918504901960784,0.0491421568627451,3.356158088235294,24.278247549019607,26.866329656862746
230,0.27558210784313725,0.6651654411764706,0.09145220588235294,1.202267156862745,3.600765931372549,23.649295343137254,0.09966299019607844,0.0803921568627451,0.031464460784313725,0.6223039215686275,18.71675857843137,23.59436274509804
231,0.6753982843137255,0.6605698529411764,1.4638480392156863,4.915900735294118,6.001133578431372,29.48360906862745,0.20637254901960783,0.0810968137254902,0.031464460784313725,0.8256433823529412,3.429779411764706,24.12175245098039
232,0.26053921568627453,0.36590073529411765,1.4708333333333334,2.1941176470588237,2.4872855392156863,34.33017769607843,0.06424632352941176,0.052481617647058824,0.031464460784313725,0.3960171568627451,11.70548406862745,33.71942401960784
233,0.24862132352941177,0.7712928921568627,1.940655637254902,1.7720894607843136,5.975091911764705,45.3000612745098,0.08792892156862746,0.04806985294117647,0.031464460784313725,1.4502144607843137,26.04969362745098,26.972395833333334
234,0.1403186274509804,0.15802696078431372,0.4884497549019608,0.8154105392156863,17.994056372549018,41.4625612745098,0.00744485294117647,0.0460171568627451,0.02999387254901961,2.3636948529411765,17.713020833333335,20.654166666666665
235,0.23630514705882352,0.583547794117647,3.72328431372549,5.9689950980392155,34.41001838235294,29.5359375,0.00744485294117647,0.0460171568627451,0.02999387254901961,0.7490808823529411,3.9145526960784314,19.101685049019608
